DateTime,12,17,21,24,28,32
2012-01-01 00:00:00,0,0,0,0,0,0
2012-01-01 01:00:00,0,0,0,0,0,0
2012-01-01 02:00:00,0,0,0,0,0,0
2012-01-01 03:00:00,0,0,0,0,0,0
2012-01-01 04:00:00,0,0,0,0,0,0
2012-01-01 05:00:00,0,0,0,0,0,0
2012-01-01 06:00:00,0,0,0,0,0,0
2012-01-01 07:00:00,0,0,0,0,0,0
2012-01-01 08:00:00,0,0,0,0,0,0
2012-01-01 09:00:00,0.031085125180429,0.031085125180429,0.0178562540440993,0.053568762132298,0.0019053929620227,0.0019053929620227
2012-01-01 10:00:00,0.144428786521328,0.144428786521328,0.170124371609178,0.230715867801503,0.0260222238813399,0.0260222238813399
2012-01-01 11:00:00,0.0610814543825593,0.0610814543825593,0.0958140460902891,0.166150266288388,0.0106157607884127,0.0106157607884127
2012-01-01 12:00:00,0.173935157533224,0.173935157533224,0.184986436712956,0.315859713304465,0.0333715967348563,0.0333715967348563
2012-01-01 13:00:00,0.0789377084266587,0.0789377084266587,0.0839461699268328,0.143339990543029,0.0151342640983524,0.0151342640983524
2012-01-01 14:00:00,0.0449672739037379,0.0449672739037379,0.0478525832462296,0.0817141381713204,0.00860148822856,0.00860148822856
2012-01-01 15:00:00,0.0192716888158877,0.0192716888158877,0.0205238041909312,0.0350047907023045,0.0037019063262157,0.0037019063262157
2012-01-01 16:00:00,0.0056617390871534,0.0056617390871534,0.006042817679558,0.010289121994923,0.0010887959782987,0.0010887959782987
2012-01-01 17:00:00,0.000128142911292,0.000128142911292,0.0001859328516787,0.0002126554645114,0.00012620135203,0.00012620135203
2012-01-01 18:00:00,0.0002755491360463,0.0002755491360463,0.0003400393593763,0.0002024480022149,0.000149297024297,0.000149297024297
2012-01-01 19:00:00,0,0,0,0,0,0
2012-01-01 20:00:00,0,0,0,0,0,0
2012-01-01 21:00:00,0,0,0,0,0,0
2012-01-01 22:00:00,0,0,0,0,0,0
2012-01-01 23:00:00,0,0,0,0,0,0
2012-01-02 00:00:00,0,0,0,0,0,0
2012-01-02 01:00:00,0,0,0,0,0,0
2012-01-02 02:00:00,0,0,0,0,0,0
2012-01-02 03:00:00,0,0,0,0,0,0
2012-01-02 04:00:00,0,0,0,0,0,0
2012-01-02 05:00:00,0,0,0,0,0,0
2012-01-02 06:00:00,0,0,0,0,0,0
2012-01-02 07:00:00,0,0,0,0,0,0
2012-01-02 08:00:00,0,0,0,0,0,0
2012-01-02 09:00:00,0.0092547658155392,0.0092547658155392,0.0098536036036036,0.0168763376636304,0.0017965133641929,0.0017965133641929
2012-01-02 10:00:00,0.0791010278234034,0.0791010278234034,0.0841094893235777,0.143612189537604,0.0151887038972674,0.0151887038972674
2012-01-02 11:00:00,0.170777649196157,0.170777649196157,0.134847381912299,0.260167799014484,0.0321194813598128,0.0321194813598128
2012-01-02 12:00:00,0.131417674580658,0.131417674580658,0.202570491762481,0.336601276691056,0.0211226419789955,0.0211226419789955
2012-01-02 13:00:00,0.126790291672888,0.126790291672888,0.148185132646459,0.250804153601115,0.0234635533323378,0.0234635533323378
2012-01-02 14:00:00,0.0683763874371609,0.0683763874371609,0.0793187870190632,0.132887549151361,0.0142087875167985,0.0142087875167985
2012-01-02 15:00:00,0.0419186451645015,0.0419186451645015,0.0445317555124184,0.0761068388830819,0.0080570902394106,0.0080570902394106
2012-01-02 16:00:00,0.0001088795978298,0.0001088795978298,0.0005443979891493,0.0008710367826389,9.52696481011398E-05,9.52696481011398E-05
2012-01-02 17:00:00,0.0021889674369677,0.0021889674369677,0.0011506593861566,0.0097373003968307,0.0003542649601031,0.0003542649601031
2012-01-02 18:00:00,0.0040187947079593,0.0040187947079593,0.0010879711328606,0.0091467110631475,0.0007540318416874,0.0007540318416874
2012-01-02 19:00:00,0,0,0,0,0,0
2012-01-02 20:00:00,0,0,0,0,0,0
2012-01-02 21:00:00,0,0,0,0,0,0
2012-01-02 22:00:00,0,0,0,0,0,0
2012-01-02 23:00:00,0,0,0,0,0,0
2012-01-03 00:00:00,0,0,0,0,0,0
2012-01-03 01:00:00,0,0,0,0,0,0
2012-01-03 02:00:00,0,0,0,0,0,0
2012-01-03 03:00:00,0,0,0,0,0,0
2012-01-03 04:00:00,0,0,0,0,0,0
2012-01-03 05:00:00,0,0,0,0,0,0
2012-01-03 06:00:00,0,0,0,0,0,0
2012-01-03 07:00:00,0,0,0,0,0,0
2012-01-03 08:00:00,0,0,0,0,0,0
2012-01-03 09:00:00,0.0314662037728336,0.0314662037728336,0.0125211537504355,0.0218303593648897,0.0067505350654521,0.0067505350654521
2012-01-03 10:00:00,0.0856882434921108,0.0856882434921108,0.0910777835846896,0.15558894529889,0.0164408192723109,0.0164408192723109
2012-01-03 11:00:00,0.115521253297496,0.115521253297496,0.076868996067891,0.125647055895675,0.0252600666965307,0.0252600666965307
2012-01-03 12:00:00,0.076923435866806,0.076923435866806,0.0849805261062167,0.0906422651933701,0.0161141804788213,0.0161141804788213
2012-01-03 13:00:00,0.0730582101438455,0.0730582101438455,0.0774678338559553,0.174098476929969,0.0163319396744811,0.0163319396744811
2012-01-03 14:00:00,0.0675053506545219,0.0675053506545219,0.139801403613558,0.242583743964959,0.0105068811905828,0.0105068811905828
2012-01-03 15:00:00,0.0390877756209247,0.0390877756209247,0.0415920063710118,0.0709894977850778,0.0075126922502613,0.0075126922502613
2012-01-03 16:00:00,0.0095814046090289,0.0095814046090289,0.0102346821960081,0.0174207356527798,0.0018509531631078,0.0018509531631078
2012-01-03 17:00:00,6.29460174953959E-05,6.29460174953959E-05,0.0001139833289781,0.0002084023552212,0.0003249891026134,0.0003249891026134
2012-01-03 18:00:00,9.69708918172316E-05,9.69708918172316E-05,0.0003521574492309,0.0006064933847867,0.0005394489165207,0.0005394489165207
2012-01-03 19:00:00,0,0,0,0,0,0
2012-01-03 20:00:00,0,0,0,0,0,0
2012-01-03 21:00:00,0,0,0,0,0,0
2012-01-03 22:00:00,0,0,0,0,0,0
2012-01-03 23:00:00,0,0,0,0,0,0
2012-01-04 00:00:00,0,0,0,0,0,0
2012-01-04 01:00:00,0,0,0,0,0,0
2012-01-04 02:00:00,0,0,0,0,0,0
2012-01-04 03:00:00,0,0,0,0,0,0
2012-01-04 04:00:00,0,0,0,0,0,0
2012-01-04 05:00:00,0,0,0,0,0,0
2012-01-04 06:00:00,0,0,0,0,0,0
2012-01-04 07:00:00,0,0,0,0,0,0
2012-01-04 08:00:00,0,0,0,0,0,0
2012-01-04 09:00:00,0.0172029764571201,0.0172029764571201,0.0049540217012592,0.0088736872231347,0.0037563461251306,0.0037563461251306
2012-01-04 10:00:00,0.0112690383753919,0.0112690383753919,0.0119767557612861,0.0204693643920163,0.0021775919565974,0.0021775919565974
2012-01-04 11:00:00,0.0307040465880244,0.0307040465880244,0.0326094395500472,0.0557463540888955,0.0058794982828131,0.0058794982828131
2012-01-04 12:00:00,0.0400132522024787,0.0400132522024787,0.0425174829525658,0.0726226917525259,0.0076760116470061,0.0076760116470061
2012-01-04 13:00:00,0.0494857772136777,0.0494857772136777,0.0554197152954058,0.100604748394804,0.0084381688318152,0.0084381688318152
2012-01-04 14:00:00,0.0436607187297794,0.0436607187297794,0.0381078592404559,0.0537320815290428,0.0077848912448359,0.0077848912448359
2012-01-04 15:00:00,0.0800265044049574,0.0800265044049574,0.0271654596585535,0.0632590463391568,0.0158964212831616,0.0158964212831616
2012-01-04 16:00:00,0.0123578343536907,0.0123578343536907,0.0107246403862425,0.02161260016923,0.0023409113533422,0.0023409113533422
2012-01-04 17:00:00,0.001232319084529,0.001232319084529,5.94650111224695E-05,0.0001616443260089,0.0003134412664799,0.0003134412664799
2012-01-04 18:00:00,0.0021726428839688,0.0021726428839688,6.95154355375346E-05,0.0001582941845372,0.0005048054081203,0.0005048054081203
2012-01-04 19:00:00,0,0,0,0,0,0
2012-01-04 20:00:00,0,0,0,0,0,0
2012-01-04 21:00:00,0,0,0,0,0,0
2012-01-04 22:00:00,0,0,0,0,0,0
2012-01-04 23:00:00,0,0,0,0,0,0
2012-01-05 00:00:00,0,0,0,0,0,0
2012-01-05 01:00:00,0,0,0,0,0,0
2012-01-05 02:00:00,0,0,0,0,0,0
2012-01-05 03:00:00,0,0,0,0,0,0
2012-01-05 04:00:00,0,0,0,0,0,0
2012-01-05 05:00:00,0,0,0,0,0,0
2012-01-05 06:00:00,0,0,0,0,0,0
2012-01-05 07:00:00,0,0,0,0,0,0
2012-01-05 08:00:00,0,0,0,0,0,0
2012-01-05 09:00:00,0.0162774998755661,0.0162774998755661,0.0044096237121098,0.0153520232940122,0.003375267532726,0.003375267532726
2012-01-05 10:00:00,0.070880618187248,0.070880618187248,0.0704450997959285,0.146497498880095,0.0130111119406699,0.0130111119406699
2012-01-05 11:00:00,0.118134363645413,0.118134363645413,0.0721327335622915,0.157004380070678,0.0246067891095515,0.0246067891095515
2012-01-05 12:00:00,0.126899171270718,0.126899171270718,0.0911866631825195,0.198324187447115,0.0241168309193171,0.0241168309193171
2012-01-05 13:00:00,0.0446406351102483,0.0446406351102483,0.0722416131601214,0.124013861928227,0.0076760116470061,0.0076760116470061
2012-01-05 14:00:00,0.114650216514857,0.114650216514857,0.121890709770544,0.208177791050719,0.0219936787616345,0.0219936787616345
2012-01-05 15:00:00,0.0658177168881588,0.0658177168881588,0.070009581404609,0.119549798417202,0.0126300333482653,0.0126300333482653
2012-01-05 16:00:00,0.0170396570603752,0.0170396570603752,0.018128453038674,0.0309762455825991,0.0032663879348962,0.0032663879348962
2012-01-05 17:00:00,7.48547235080384E-05,7.48547235080384E-05,0.003052816416076,0.005117341098004,0.0005360226354701,0.0005360226354701
2012-01-05 18:00:00,0.0001565144218804,0.0001565144218804,0.0029523121719254,0.0047907023045144,0.0005192719281117,0.0005192719281117
2012-01-05 19:00:00,0,0,0,0,0,0
2012-01-05 20:00:00,0,0,0,0,0,0
2012-01-05 21:00:00,0,0,0,0,0,0
2012-01-05 22:00:00,0,0,0,0,0,0
2012-01-05 23:00:00,0,0,0,0,0,0
2012-01-06 00:00:00,0,0,0,0,0,0
2012-01-06 01:00:00,0,0,0,0,0,0
2012-01-06 02:00:00,0,0,0,0,0,0
2012-01-06 03:00:00,0,0,0,0,0,0
2012-01-06 04:00:00,0,0,0,0,0,0
2012-01-06 05:00:00,0,0,0,0,0,0
2012-01-06 06:00:00,0,0,0,0,0,0
2012-01-06 07:00:00,0,0,0,0,0,0
2012-01-06 08:00:00,0,0,0,0,0,0
2012-01-06 09:00:00,0.0039741053207904,0.0039741053207904,0.0041918645164501,0.0071860534567716,0.0007621571848091,0.0007621571848091
2012-01-06 10:00:00,0.0362024662784331,0.0362024662784331,0.0384889378328604,0.0657632770892439,0.006913854462197,0.006913854462197
2012-01-06 11:00:00,0.0693018640187148,0.0693018640187148,0.0737114877308247,0.125864815091334,0.0132833109352446,0.0132833109352446
2012-01-06 12:00:00,0.0792643472201483,0.0792643472201483,0.0920576999651585,0.175078393310437,0.0136643895276491,0.0136643895276491
2012-01-06 13:00:00,0.0768145562689761,0.0768145562689761,0.103816696530785,0.188198384848937,0.0135555099298193,0.0135555099298193
2012-01-06 14:00:00,0.0558007938878104,0.0558007938878104,0.0668520730675426,0.1038711363297,0.0123578343536907,0.0123578343536907
2012-01-06 15:00:00,0.0342426335174953,0.0342426335174953,0.0301052087999601,0.0405032103927131,0.0073493728535164,0.0073493728535164
2012-01-06 16:00:00,0.0001088795978298,0.0001088795978298,0.0088192474242197,0.0039196655218754,0.0020687123587676,0.0020687123587676
2012-01-06 17:00:00,6.78403648016904E-05,6.78403648016904E-05,0.0002177591956597,0.0003975755011666,0.0001088795978298,0.0001088795978298
2012-01-06 18:00:00,0.0001214426283487,0.0001214426283487,0.0002177591956597,0.0007572081121804,0.0001088795978298,0.0001088795978298
2012-01-06 19:00:00,0,0,0,0,0,0
2012-01-06 20:00:00,0,0,0,0,0,0
2012-01-06 21:00:00,0,0,0,0,0,0
2012-01-06 22:00:00,0,0,0,0,0,0
2012-01-06 23:00:00,0,0,0,0,0,0
2012-01-07 00:00:00,0,0,0,0,0,0
2012-01-07 01:00:00,0,0,0,0,0,0
2012-01-07 02:00:00,0,0,0,0,0,0
2012-01-07 03:00:00,0,0,0,0,0,0
2012-01-07 04:00:00,0,0,0,0,0,0
2012-01-07 05:00:00,0,0,0,0,0,0
2012-01-07 06:00:00,0,0,0,0,0,0
2012-01-07 07:00:00,0,0,0,0,0,0
2012-01-07 08:00:00,0,0,0,0,0,0
2012-01-07 09:00:00,0.0009254765815539,0.0009254765815539,0.0045185033099397,0.0061516972773878,0.0001088795978298,0.0001088795978298
2012-01-07 10:00:00,0.0381622990393708,0.0381622990393708,0.0445317555124184,0.0892268304215817,0.0059339380817281,0.0059339380817281
2012-01-07 11:00:00,0.079482106415808,0.079482106415808,0.15602446369021,0.277316335672689,0.0133921905330745,0.0133921905330745
2012-01-07 12:00:00,0.137079413667811,0.137079413667811,0.145789781494201,0.249007640236922,0.0262944228759145,0.0262944228759145
2012-01-07 13:00:00,0.162339480364342,0.162339480364342,0.17268304215818,0.294845950923299,0.0311395649793439,0.0311395649793439
2012-01-07 14:00:00,0.167239062266687,0.167239062266687,0.177800383256184,0.303665198347519,0.0320650415608979,0.0320650415608979
2012-01-07 15:00:00,0.0974472400577372,0.0974472400577372,0.10365337713404,0.177038226071375,0.0186728510278233,0.0186728510278233
2012-01-07 16:00:00,0.0289619730227464,0.0289619730227464,0.0308129261858543,0.0526432855507441,0.0055528594893235,0.0055528594893235
2012-01-07 17:00:00,0.0003223181745281,0.0003223181745281,0.0012674265684883,0.0034841471305559,0.0001173858164103,0.0001173858164103
2012-01-07 18:00:00,0.0003050356986821,0.0003050356986821,0.0011891693575481,0.0032663879348962,0.0001514106907321,0.0001514106907321
2012-01-07 19:00:00,0,0,0,0,0,0
2012-01-07 20:00:00,0,0,0,0,0,0
2012-01-07 21:00:00,0,0,0,0,0,0
2012-01-07 22:00:00,0,0,0,0,0,0
2012-01-07 23:00:00,0,0,0,0,0,0
2012-01-08 00:00:00,0,0,0,0,0,0
2012-01-08 01:00:00,0,0,0,0,0,0
2012-01-08 02:00:00,0,0,0,0,0,0
2012-01-08 03:00:00,0,0,0,0,0,0
2012-01-08 04:00:00,0,0,0,0,0,0
2012-01-08 05:00:00,0,0,0,0,0,0
2012-01-08 06:00:00,0,0,0,0,0,0
2012-01-08 07:00:00,0,0,0,0,0,0
2012-01-08 08:00:00,0,0,0,0,0,0
2012-01-08 09:00:00,0.0141543477178836,0.0141543477178836,0.0150253845005226,0.0256955850878502,0.0027219899457468,0.0027219899457468
2012-01-08 10:00:00,0.0387611368274351,0.0387611368274351,0.0412109277786073,0.0703906599970135,0.0074582524513463,0.0074582524513463
2012-01-08 11:00:00,0.0537865213279577,0.0537865213279577,0.0427896819471405,0.078611069633169,0.0088736872231347,0.0088736872231347
2012-01-08 12:00:00,0.0684308272360758,0.0684308272360758,0.0897712284107311,0.127008050868548,0.0126300333482653,0.0126300333482653
2012-01-08 13:00:00,0.0845450077148972,0.0845450077148972,0.108770718232044,0.170940968592902,0.0149709447016076,0.0149709447016076
2012-01-08 14:00:00,0.0954874072967995,0.0954874072967995,0.110567231596237,0.180304614006271,0.0156786620875018,0.0156786620875018
2012-01-08 15:00:00,0.0611903339803892,0.0611903339803892,0.0687030262306505,0.115575693096411,0.0118134363645413,0.0118134363645413
2012-01-08 16:00:00,0.0013609949728734,0.0013609949728734,0.0087103678263899,0.0160053008809914,0.0026947700462893,0.0026947700462893
2012-01-08 17:00:00,0.001687633766363,0.001687633766363,0.0009186716066895,0.0012359535597406,0.000278899277518,0.000278899277518
2012-01-08 18:00:00,0.0019053929620227,0.0019053929620227,0.000891451707232,0.0011713062985291,0.0003057004092915,0.0003057004092915
2012-01-08 19:00:00,0,0,0,0,0,0
2012-01-08 20:00:00,0,0,0,0,0,0
2012-01-08 21:00:00,0,0,0,0,0,0
2012-01-08 22:00:00,0,0,0,0,0,0
2012-01-08 23:00:00,0,0,0,0,0,0
2012-01-09 00:00:00,0,0,0,0,0,0
2012-01-09 01:00:00,0,0,0,0,0,0
2012-01-09 02:00:00,0,0,0,0,0,0
2012-01-09 03:00:00,0,0,0,0,0,0
2012-01-09 04:00:00,0,0,0,0,0,0
2012-01-09 05:00:00,0,0,0,0,0,0
2012-01-09 06:00:00,0,0,0,0,0,0
2012-01-09 07:00:00,0,0,0,0,0,0
2012-01-09 08:00:00,0,0,0,0,0,0
2012-01-09 09:00:00,0.005171780896919,0.005171780896919,0.0107246403862425,0.0187817306256532,0.0007077173858941,0.0007077173858941
2012-01-09 10:00:00,0.0521533273605096,0.0521533273605096,0.042299723756906,0.0848716465083868,0.0108879597829874,0.0108879597829874
2012-01-09 11:00:00,0.0331538375391966,0.0331538375391966,0.0641300831217958,0.0848172067094718,0.0058794982828131,0.0058794982828131
2012-01-09 12:00:00,0.127225810064208,0.127225810064208,0.135337340102533,0.231042506594993,0.0243890299138917,0.0243890299138917
2012-01-09 13:00:00,0.118896520830222,0.118896520830222,0.126463652879399,0.21590824249664,0.0228102757453586,0.0228102757453586
2012-01-09 14:00:00,0.0830206933452789,0.0830206933452789,0.0883013538400278,0.150798242994376,0.0158964212831616,0.0158964212831616
2012-01-09 15:00:00,0.0443139963167587,0.0443139963167587,0.0470904260614205,0.0804620227962769,0.0084926086307301,0.0084926086307301
2012-01-09 16:00:00,0.016386379473396,0.016386379473396,0.0322828007565576,0.0501934945995719,0.0022864715544273,0.0022864715544273
2012-01-09 17:00:00,0.0001088795978298,0.0001088795978298,0.0002696066231977,0.0004847734474806,0.0003777284509328,0.0003777284509328
2012-01-09 18:00:00,0.0001088795978298,0.0001088795978298,0.0002592371376901,0.0004640344764654,0.0003710281679894,0.0003710281679894
2012-01-09 19:00:00,0,0,0,0,0,0
2012-01-09 20:00:00,0,0,0,0,0,0
2012-01-09 21:00:00,0,0,0,0,0,0
2012-01-09 22:00:00,0,0,0,0,0,0
2012-01-09 23:00:00,0,0,0,0,0,0
2012-01-10 00:00:00,0,0,0,0,0,0
2012-01-10 01:00:00,0,0,0,0,0,0
2012-01-10 02:00:00,0,0,0,0,0,0
2012-01-10 03:00:00,0,0,0,0,0,0
2012-01-10 04:00:00,0,0,0,0,0,0
2012-01-10 05:00:00,0,0,0,0,0,0
2012-01-10 06:00:00,0,0,0,0,0,0
2012-01-10 07:00:00,0,0,0,0,0,0
2012-01-10 08:00:00,0,0,0,0,0,0
2012-01-10 09:00:00,0.0041374247175352,0.0041374247175352,0.0043551839131949,0.0074582524513463,0.0007621571848091,0.0007621571848091
2012-01-10 10:00:00,0.0417008859688417,0.0417008859688417,0.0520988875615947,0.0773589542581255,0.0074038126524314,0.0074038126524314
2012-01-10 11:00:00,0.0705539793937583,0.0705539793937583,0.127606888656612,0.18612967249017,0.0126300333482653,0.0126300333482653
2012-01-10 12:00:00,0.0801898238017022,0.0801898238017022,0.152703635956398,0.185040876511871,0.0139365885222238,0.0139365885222238
2012-01-10 13:00:00,0.0929287367477975,0.0929287367477975,0.191628092180578,0.294682631526554,0.015515342690757,0.015515342690757
2012-01-10 14:00:00,0.0519355681648499,0.0519355681648499,0.0911322233836045,0.123741662933652,0.009472525011199,0.009472525011199
2012-01-10 15:00:00,0.0398499328057339,0.0398499328057339,0.0317928425663232,0.0657088372903289,0.0084926086307301,0.0084926086307301
2012-01-10 16:00:00,0.0060972574784729,0.0060972574784729,0.0098536036036036,0.0119767557612861,0.0010343561793838,0.0010343561793838
2012-01-10 17:00:00,0.0007570534536608,0.0007570534536608,0.0004661407782091,0.000130995766139,0.0002278096200748,0.0002278096200748
2012-01-10 18:00:00,0.0007366385290677,0.0007366385290677,0.0005886303257677,0.0004372196350355,0.000268011317735,0.000268011317735
2012-01-10 19:00:00,0,0,0,0,0,0
2012-01-10 20:00:00,0,0,0,0,0,0
2012-01-10 21:00:00,0,0,0,0,0,0
2012-01-10 22:00:00,0,0,0,0,0,0
2012-01-10 23:00:00,0,0,0,0,0,0
2012-01-11 00:00:00,0,0,0,0,0,0
2012-01-11 01:00:00,0,0,0,0,0,0
2012-01-11 02:00:00,0,0,0,0,0,0
2012-01-11 03:00:00,0,0,0,0,0,0
2012-01-11 04:00:00,0,0,0,0,0,0
2012-01-11 05:00:00,0,0,0,0,0,0
2012-01-11 06:00:00,0,0,0,0,0,0
2012-01-11 07:00:00,0,0,0,0,0,0
2012-01-11 08:00:00,0,0,0,0,0,0
2012-01-11 09:00:00,0.006859414663282,0.006859414663282,0.0107246403862425,0.0196527674082922,0.0008710367826389,0.0008710367826389
2012-01-11 10:00:00,0.0575973072520033,0.0575973072520033,0.0462738290776964,0.117208887063859,0.0106702005873276,0.0106702005873276
2012-01-11 11:00:00,0.0631501667413269,0.0631501667413269,0.127008050868548,0.19451340152307,0.011214598576477,0.011214598576477
2012-01-11 12:00:00,0.0867770394704096,0.0867770394704096,0.19924966402867,0.30203200438007,0.0127389129460952,0.0127389129460952
2012-01-11 13:00:00,0.132234271564382,0.132234271564382,0.140618000597282,0.240133953013787,0.0253689462943606,0.0253689462943606
2012-01-11 14:00:00,0.101312465780698,0.101312465780698,0.107790801851575,0.184006520332487,0.0194350082126325,0.0194350082126325
2012-01-11 15:00:00,0.0626057687521775,0.0626057687521775,0.066579874072968,0.113670300134389,0.0119767557612861,0.0119767557612861
2012-01-11 16:00:00,0.0200882857996117,0.0200882857996117,0.0213948409735702,0.0365291050719227,0.0038652257229605,0.0038652257229605
2012-01-11 17:00:00,0.0001088795978298,0.0001088795978298,0.0001624552729525,0.0002713348707823,0.0002211093371314,0.0002211093371314
2012-01-11 18:00:00,0.0001088795978298,0.0001088795978298,0.0001589987777833,0.0002678783756131,0.0002278096200748,0.0002278096200748
2012-01-11 19:00:00,0,0,0,0,0,0
2012-01-11 20:00:00,0,0,0,0,0,0
2012-01-11 21:00:00,0,0,0,0,0,0
2012-01-11 22:00:00,0,0,0,0,0,0
2012-01-11 23:00:00,0,0,0,0,0,0
2012-01-12 00:00:00,0,0,0,0,0,0
2012-01-12 01:00:00,0,0,0,0,0,0
2012-01-12 02:00:00,0,0,0,0,0,0
2012-01-12 03:00:00,0,0,0,0,0,0
2012-01-12 04:00:00,0,0,0,0,0,0
2012-01-12 05:00:00,0,0,0,0,0,0
2012-01-12 06:00:00,0,0,0,0,0,0
2012-01-12 07:00:00,0,0,0,0,0,0
2012-01-12 08:00:00,0,0,0,0,0,0
2012-01-12 09:00:00,0.0041918645164501,0.0041918645164501,0.0044640635110248,0.0076215718480911,0.000816596983724,0.000816596983724
2012-01-12 10:00:00,0.0168218978647155,0.0168218978647155,0.0178562540440993,0.0305407271912796,0.0032119481359812,0.0032119481359812
2012-01-12 11:00:00,0.0416464461699268,0.0416464461699268,0.045783870887462,0.0649466801055198,0.0074582524513463,0.0074582524513463
2012-01-12 12:00:00,0.0608636951868995,0.0608636951868995,0.0739292469264845,0.110458351998407,0.0121945149569458,0.0121945149569458
2012-01-12 13:00:00,0.0816596983724055,0.0816596983724055,0.0742558857199741,0.0998970310089094,0.0193261286148026,0.0193261286148026
2012-01-12 14:00:00,0.0569440296650241,0.0569440296650241,0.0671787118610322,0.0883557936389428,0.0114867975710517,0.0114867975710517
2012-01-12 15:00:00,0.0409387287840326,0.0409387287840326,0.0655455178935841,0.0816596983724055,0.0072949330546015,0.0072949330546015
2012-01-12 16:00:00,0.0010343561793838,0.0010343561793838,0.0032663879348962,0.0003810785924045,0.0002721989945746,0.0002721989945746
2012-01-12 17:00:00,0.0001156845726942,0.0001156845726942,0.0007944808154148,0.0004321159038873,0.000227657340917,0.000227657340917
2012-01-12 18:00:00,0.0001429044721517,0.0001429044721517,0.0009237753378378,0.0006362651498183,0.0002474536314315,0.0002474536314315
2012-01-12 19:00:00,0,0,0,0,0,0
2012-01-12 20:00:00,0,0,0,0,0,0
2012-01-12 21:00:00,0,0,0,0,0,0
2012-01-12 22:00:00,0,0,0,0,0,0
2012-01-12 23:00:00,0,0,0,0,0,0
2012-01-13 00:00:00,0,0,0,0,0,0
2012-01-13 01:00:00,0,0,0,0,0,0
2012-01-13 02:00:00,0,0,0,0,0,0
2012-01-13 03:00:00,0,0,0,0,0,0
2012-01-13 04:00:00,0,0,0,0,0,0
2012-01-13 05:00:00,0,0,0,0,0,0
2012-01-13 06:00:00,0,0,0,0,0,0
2012-01-13 07:00:00,0,0,0,0,0,0
2012-01-13 08:00:00,0,0,0,0,0,0
2012-01-13 09:00:00,0.0041918645164501,0.0041918645164501,0.0161141804788213,0.0119223159623712,0.0005443979891493,0.0005443979891493
2012-01-13 10:00:00,0.0194350082126325,0.0194350082126325,0.0341337539196655,0.0480703424418893,0.0033208277338111,0.0033208277338111
2012-01-13 11:00:00,0.0366379846697526,0.0366379846697526,0.180794572196506,0.142033435369071,0.0059339380817281,0.0059339380817281
2012-01-13 12:00:00,0.102510141356826,0.102510141356826,0.109042917226619,0.186184112289085,0.0196527674082922,0.0196527674082922
2012-01-13 13:00:00,0.149219488825842,0.149219488825842,0.158637574038126,0.270946879199642,0.0286353342292568,0.0286353342292568
2012-01-13 14:00:00,0.153248033945548,0.153248033945548,0.162992757951321,0.278296252053158,0.0293974914140659,0.0293974914140659
2012-01-13 15:00:00,0.0936908939326066,0.0936908939326066,0.0996248320143347,0.170124371609178,0.0179651336419292,0.0179651336419292
2012-01-13 16:00:00,0.0425174829525658,0.0425174829525658,0.0519355681648499,0.0873214374595589,0.0081659698372405,0.0081659698372405
2012-01-13 17:00:00,0.0010300355604223,0.0010300355604223,0.0007085815096864,0.0011466922723828,0.0002168950718674,0.0002168950718674
2012-01-13 18:00:00,0.0010127530845762,0.0010127530845762,0.0007120380048556,0.0011605182530596,0.0002134385766982,0.0002134385766982
2012-01-13 19:00:00,0,0,0,0,0,0
2012-01-13 20:00:00,0,0,0,0,0,0
2012-01-13 21:00:00,0,0,0,0,0,0
2012-01-13 22:00:00,0,0,0,0,0,0
2012-01-13 23:00:00,0,0,0,0,0,0
2012-01-14 00:00:00,0,0,0,0,0,0
2012-01-14 01:00:00,0,0,0,0,0,0
2012-01-14 02:00:00,0,0,0,0,0,0
2012-01-14 03:00:00,0,0,0,0,0,0
2012-01-14 04:00:00,0,0,0,0,0,0
2012-01-14 05:00:00,0,0,0,0,0,0
2012-01-14 06:00:00,0,0,0,0,0,0
2012-01-14 07:00:00,0,0,0,0,0,0
2012-01-14 08:00:00,0,0,0,0,0,0
2012-01-14 09:00:00,0.0421908441590761,0.0421908441590761,0.044912834104823,0.0766512368722313,0.0081115300383256,0.0081115300383256
2012-01-14 10:00:00,0.114867975710517,0.114867975710517,0.167130182668857,0.275084303917177,0.0203604847941864,0.0203604847941864
2012-01-14 11:00:00,0.248191043253198,0.248191043253198,0.269204805634364,0.476892638494848,0.0485603006321238,0.0485603006321238
2012-01-14 12:00:00,0.438458140460903,0.438458140460903,0.400894679209596,0.706683029714798,0.0828573739485341,0.0828573739485341
2012-01-14 13:00:00,0.405739821313026,0.405739821313026,0.394634102334378,0.677938815887711,0.0771956348613807,0.0771956348613807
2012-01-14 14:00:00,0.340139863620526,0.340139863620526,0.444555397939376,1.02150838683988,0.0391422154198397,0.0391422154198397
2012-01-14 15:00:00,0.0679953088447563,0.0679953088447563,0.0671242720621173,0.117698845254094,0.0131744313374147,0.0131744313374147
2012-01-14 16:00:00,0.0627146483500074,0.0627146483500074,0.0666887536707978,0.113888059330048,0.012031195560201,0.012031195560201
2012-01-14 17:00:00,0.0001088795978298,0.0001088795978298,0.0001088795978298,0.0002177591956597,0.000784770639743,0.000784770639743
2012-01-14 18:00:00,0.0001088795978298,0.0001088795978298,0.0002229439384135,0.0003663884879354,0.0008752244594786,0.0008752244594786
2012-01-14 19:00:00,0.0001088795978298,0.0001088795978298,0.0003370082789972,0.0005150177802111,0,0
2012-01-14 20:00:00,0,0,0,0,0,0
2012-01-14 21:00:00,0,0,0,0,0,0
2012-01-14 22:00:00,0,0,0,0,0,0
2012-01-14 23:00:00,0,0,0,0,0,0
2012-01-15 00:00:00,0,0,0,0,0,0
2012-01-15 01:00:00,0,0,0,0,0,0
2012-01-15 02:00:00,0,0,0,0,0,0
2012-01-15 03:00:00,0,0,0,0,0,0
2012-01-15 04:00:00,0,0,0,0,0,0
2012-01-15 05:00:00,0,0,0,0,0,0
2012-01-15 06:00:00,0,0,0,0,0,0
2012-01-15 07:00:00,0,0,0,0,0,0
2012-01-15 08:00:00,0,0,0,0,0,0
2012-01-15 09:00:00,0.0178018142451844,0.0178018142451844,0.0062605768752177,0.0288530934249166,0.0022320317555124,0.0022320317555124
2012-01-15 10:00:00,0.199685182419989,0.199685182419989,0.109151796824449,0.193533485142601,0.0417008859688417,0.0417008859688417
2012-01-15 11:00:00,0.0615169727738788,0.0615169727738788,0.0653821984968393,0.111656027574536,0.0118134363645413,0.0118134363645413
2012-01-15 12:00:00,0.0645656015131153,0.0645656015131153,0.0687030262306505,0.117317766661689,0.0124122741526056,0.0124122741526056
2012-01-15 13:00:00,0.0556919142899805,0.0556919142899805,0.0592305012194514,0.101094706585038,0.0106702005873276,0.0106702005873276
2012-01-15 14:00:00,0.0454572320939724,0.0454572320939724,0.048342541436464,0.0825307351550445,0.0087103678263899,0.0087103678263899
2012-01-15 15:00:00,0.0219392389627196,0.0219392389627196,0.023300233935593,0.0397954930068189,0.0041918645164501,0.0041918645164501
2012-01-15 16:00:00,0.0061516972773878,0.0061516972773878,0.0065327758697924,0.011160158777562,0.0011976755761286,0.0011976755761286
2012-01-15 17:00:00,0.0008096839933856,0.0008096839933856,0.0008641237923005,0.001457776837611,0.0001615911491602,0.0001615911491602
2012-01-15 18:00:00,0.000782032032032,0.000782032032032,0.0008364718309469,0.0014093859052422,0.0001546781588218,0.0001546781588218
2012-01-15 19:00:00,0,0,0,0,0,0
2012-01-15 20:00:00,0,0,0,0,0,0
2012-01-15 21:00:00,0,0,0,0,0,0
2012-01-15 22:00:00,0,0,0,0,0,0
2012-01-15 23:00:00,0,0,0,0,0,0
2012-01-16 00:00:00,0,0,0,0,0,0
2012-01-16 01:00:00,0,0,0,0,0,0
2012-01-16 02:00:00,0,0,0,0,0,0
2012-01-16 03:00:00,0,0,0,0,0,0
2012-01-16 04:00:00,0,0,0,0,0,0
2012-01-16 05:00:00,0,0,0,0,0,0
2012-01-16 06:00:00,0,0,0,0,0,0
2012-01-16 07:00:00,0,0,0,0,0,0
2012-01-16 08:00:00,0,0,0,0,0,0
2012-01-16 09:00:00,0.0114323577721367,0.0114323577721367,0.0121400751580309,0.0207960031855059,0.0021775919565974,0.0021775919565974
2012-01-16 10:00:00,0.0861237618834303,0.0861237618834303,0.091622181573839,0.156459982081529,0.0165496988701408,0.0165496988701408
2012-01-16 11:00:00,0.151342640983525,0.151342640983525,0.160978485391469,0.274866544721517,0.0290164128216614,0.0290164128216614
2012-01-16 12:00:00,0.148185132646459,0.148185132646459,0.221188902991389,0.253308384351202,0.0278731770444477,0.0278731770444477
2012-01-16 13:00:00,0.218140274252153,0.218140274252153,0.340847581006421,0.548372094470161,0.0397954930068189,0.0397954930068189
2012-01-16 14:00:00,0.232240182171121,0.232240182171121,0.236867565078891,0.378411042257727,0.0473626250559952,0.0473626250559952
2012-01-16 15:00:00,0.130655517395849,0.130655517395849,0.0896079090139863,0.140345801602708,0.0225380767507839,0.0225380767507839
2012-01-16 16:00:00,0.0305407271912796,0.0305407271912796,0.0417008859688417,0.120529714797671,0.0116501169677965,0.0116501169677965
2012-01-16 17:00:00,0.0001088795978298,0.0001088795978298,0.0078962834487696,0.0151158383202582,0.0030620293051232,0.0030620293051232
2012-01-16 18:00:00,0.0001538140350295,0.0001538140350295,0.0075746698674875,0.0144257091770903,0.0028710712412369,0.0028710712412369
2012-01-16 19:00:00,0.0001987484722291,0.0001987484722291,0,0,0,0
2012-01-16 20:00:00,0,0,0,0,0,0
2012-01-16 21:00:00,0,0,0,0,0,0
2012-01-16 22:00:00,0,0,0,0,0,0
2012-01-16 23:00:00,0,0,0,0,0,0
2012-01-17 00:00:00,0,0,0,0,0,0
2012-01-17 01:00:00,0,0,0,0,0,0
2012-01-17 02:00:00,0,0,0,0,0,0
2012-01-17 03:00:00,0,0,0,0,0,0
2012-01-17 04:00:00,0,0,0,0,0,0
2012-01-17 05:00:00,0,0,0,0,0,0
2012-01-17 06:00:00,0,0,0,0,0,0
2012-01-17 07:00:00,0,0,0,0,0,0
2012-01-17 08:00:00,0,0,0,0,0,0
2012-01-17 09:00:00,0.0359302672838584,0.0359302672838584,0.0260222238813399,0.0456749912896321,0.0072949330546015,0.0072949330546015
2012-01-17 10:00:00,0.19418676272958,0.19418676272958,0.110403912199492,0.19021265740879,0.040557650191628,0.040557650191628
2012-01-17 11:00:00,0.0910233437857746,0.0910233437857746,0.0314117639739186,0.0519900079637648,0.0196527674082922,0.0196527674082922
2012-01-17 12:00:00,0.256520332487183,0.256520332487183,0.222604337763177,0.403072271166194,0.0504656935941466,0.0504656935941466
2012-01-17 13:00:00,0.063095726942412,0.063095726942412,0.111002749987557,0.185530834702105,0.0106702005873276,0.0106702005873276
2012-01-17 14:00:00,0.133813025732915,0.133813025732915,0.144809865113732,0.363167898561545,0.0172029764571201,0.0172029764571201
2012-01-17 15:00:00,0.0470904260614205,0.0470904260614205,0.106647566074362,0.184714237718381,0.0070227340600268,0.0070227340600268
2012-01-17 16:00:00,0.0545486785127669,0.0545486785127669,0.0580328256433228,0.0990804340251853,0.0104524413916679,0.0104524413916679
2012-01-17 17:00:00,0.0005443979891493,0.0005443979891493,0.0005988377880643,0.0009799163804688,0.0001088795978298,0.0001088795978298
2012-01-17 18:00:00,0.0006861142910866,0.0006861142910866,0.0007924015175396,0.0013635873442503,0.0001330750640142,0.0001330750640142
2012-01-17 19:00:00,0.0008278305930239,0.0008278305930239,0.0009859652470149,0.0017472583080317,0.0001572705301987,0.0001572705301987
2012-01-17 20:00:00,0,0,0,0,0,0
2012-01-17 21:00:00,0,0,0,0,0,0
2012-01-17 22:00:00,0,0,0,0,0,0
2012-01-17 23:00:00,0,0,0,0,0,0
2012-01-18 00:00:00,0,0,0,0,0,0
2012-01-18 01:00:00,0,0,0,0,0,0
2012-01-18 02:00:00,0,0,0,0,0,0
2012-01-18 03:00:00,0,0,0,0,0,0
2012-01-18 04:00:00,0,0,0,0,0,0
2012-01-18 05:00:00,0,0,0,0,0,0
2012-01-18 06:00:00,0,0,0,0,0,0
2012-01-18 07:00:00,0,0,0,0,0,0
2012-01-18 08:00:00,0,0,0,0,0,0
2012-01-18 09:00:00,0.0123578343536907,0.0123578343536907,0.0158419814842466,0.0307584863869394,0.0025042307500871,0.0025042307500871
2012-01-18 10:00:00,0.0382167388382857,0.0382167388382857,0.0532421233388084,0.0936908939326066,0.0119767557612861,0.0119767557612861
2012-01-18 11:00:00,0.157929856652232,0.157929856652232,0.167946779652581,0.286788860683888,0.0302685281967049,0.0302685281967049
2012-01-18 12:00:00,0.230443668806928,0.230443668806928,0.245087974715046,0.418478734259121,0.0442051167189288,0.0442051167189288
2012-01-18 13:00:00,0.26397858493853,0.26397858493853,0.28074604300433,0.479396869244935,0.0506290129908914,0.0506290129908914
2012-01-18 14:00:00,0.196799873077497,0.196799873077497,0.209266587029018,0.357342840077647,0.0377267806480513,0.0377267806480513
2012-01-18 15:00:00,0.147749614255139,0.147749614255139,0.157113259668508,0.26827932905281,0.0283086954357672,0.0283086954357672
2012-01-18 16:00:00,0.0504656935941466,0.0504656935941466,0.0536776417301279,0.091622181573839,0.0096902842068587,0.0096902842068587
2012-01-18 17:00:00,0.0002177591956597,0.0002177591956597,0.0001633193967448,0.0001633193967448,5.4439798914937E-05,5.4439798914937E-05
2012-01-18 18:00:00,0.0002985408327593,0.0002985408327593,0.0002511255240269,0.0003248826709439,6.84887792800819E-05,6.84887792800819E-05
2012-01-18 19:00:00,0.0003793224698589,0.0003793224698589,0.0003389316513091,0.0004864459451431,8.25377596452269E-05,8.25377596452269E-05
2012-01-18 20:00:00,0,0,0,0,0,0
2012-01-18 21:00:00,0,0,0,0,0,0
2012-01-18 22:00:00,0,0,0,0,0,0
2012-01-18 23:00:00,0,0,0,0,0,0
2012-01-19 00:00:00,0,0,0,0,0,0
2012-01-19 01:00:00,0,0,0,0,0,0
2012-01-19 02:00:00,0,0,0,0,0,0
2012-01-19 03:00:00,0,0,0,0,0,0
2012-01-19 04:00:00,0,0,0,0,0,0
2012-01-19 05:00:00,0,0,0,0,0,0
2012-01-19 06:00:00,0,0,0,0,0,0
2012-01-19 07:00:00,0,0,0,0,0,0
2012-01-19 08:00:00,0,0,0,0,0,0
2012-01-19 09:00:00,0.0408298491862027,0.0408298491862027,0.0434429595341197,0.0741470061221442,0.0078393310437509,0.0078393310437509
2012-01-19 10:00:00,0.148239572445374,0.148239572445374,0.157657657657658,0.269259245433278,0.0284175750335971,0.0284175750335971
2012-01-19 11:00:00,0.281889278781544,0.281889278781544,0.299799972624558,0.511951868996068,0.0540587203225324,0.0540587203225324
2012-01-19 12:00:00,0.399315925041063,0.399315925041063,0.383201744562242,0.766131290129909,0.0713161365785675,0.0713161365785675
2012-01-19 13:00:00,0.361915783186501,0.361915783186501,0.314716477527251,0.585772236324722,0.0737114877308247,0.0737114877308247
2012-01-19 14:00:00,0.23365561694291,0.23365561694291,0.280256084814096,0.368013040664974,0.0411020481807774,0.0411020481807774
2012-01-19 15:00:00,0.153193594146633,0.153193594146633,0.142632273157135,0.312647765168483,0.0280909362401075,0.0280909362401075
2012-01-19 16:00:00,0.0376179010502214,0.0376179010502214,0.0139365885222238,0.0449672739037379,0.0098536036036036,0.0098536036036036
2012-01-19 17:00:00,0.0014154347717883,0.0014154347717883,0.0015243143696182,0.002558670549002,0.0002721989945746,0.0002721989945746
2012-01-19 18:00:00,0.0015675205592332,0.0015675205592332,0.0020773535966906,0.0034573592929946,0.0002721989945746,0.0002721989945746
2012-01-19 19:00:00,0.0017196063466781,0.0017196063466781,0.0026303928237629,0.0043560480369872,0.0002721989945746,0.0002721989945746
2012-01-19 20:00:00,0,0,0,0,0,0
2012-01-19 21:00:00,0,0,0,0,0,0
2012-01-19 22:00:00,0,0,0,0,0,0
2012-01-19 23:00:00,0,0,0,0,0,0
2012-01-20 00:00:00,0,0,0,0,0,0
2012-01-20 01:00:00,0,0,0,0,0,0
2012-01-20 02:00:00,0,0,0,0,0,0
2012-01-20 03:00:00,0,0,0,0,0,0
2012-01-20 04:00:00,0,0,0,0,0,0
2012-01-20 05:00:00,0,0,0,0,0,0
2012-01-20 06:00:00,0,0,0,0,0,0
2012-01-20 07:00:00,0,0,0,0,0,0
2012-01-20 08:00:00,0,0,0,0,0,0
2012-01-20 09:00:00,0.0093092056144542,0.0093092056144542,0.0222658777562092,0.0375090214523916,0.0014154347717883,0.0014154347717883
2012-01-20 10:00:00,0.0430074411428002,0.0430074411428002,0.062224690159773,0.0915677417749241,0.0065327758697924,0.0065327758697924
2012-01-20 11:00:00,0.392184311383206,0.392184311383206,0.263815265541785,0.468018951271714,0.0801353840027873,0.0801353840027873
2012-01-20 12:00:00,0.0518811283659349,0.0518811283659349,0.0551475163008311,0.094180852122841,0.0099624832014334,0.0099624832014334
2012-01-20 13:00:00,0.0440962371210989,0.0440962371210989,0.0469271066646757,0.0800809442038723,0.0084381688318152,0.0084381688318152
2012-01-20 14:00:00,0.044041797322184,0.044041797322184,0.0468182270668458,0.0799720646060424,0.0084381688318152,0.0084381688318152
2012-01-20 15:00:00,0.0496490966104225,0.0496490966104225,0.0528066049474889,0.0901523070031357,0.0095269648101139,0.0095269648101139
2012-01-20 16:00:00,0.028472014832512,0.028472014832512,0.0236813125279976,0.0617347319695385,0.0049540217012592,0.0049540217012592
2012-01-20 17:00:00,0.0001633193967448,0.0001633193967448,0.0001633193967448,0.0001633193967448,0.0003802144686122,0.0003802144686122
2012-01-20 18:00:00,0.0002651745043921,0.0002651745043921,0.0002721989945746,0.0003564928767655,0.000376757973443,0.000376757973443
2012-01-20 19:00:00,0.0003670296120394,0.0003670296120394,0.0003810785924045,0.0005496663567862,0,0
2012-01-20 20:00:00,0,0,0,0,0,0
2012-01-20 21:00:00,0,0,0,0,0,0
2012-01-20 22:00:00,0,0,0,0,0,0
2012-01-20 23:00:00,0,0,0,0,0,0
2012-01-21 00:00:00,0,0,0,0,0,0
2012-01-21 01:00:00,0,0,0,0,0,0
2012-01-21 02:00:00,0,0,0,0,0,0
2012-01-21 03:00:00,0,0,0,0,0,0
2012-01-21 04:00:00,0,0,0,0,0,0
2012-01-21 05:00:00,0,0,0,0,0,0
2012-01-21 06:00:00,0,0,0,0,0,0
2012-01-21 07:00:00,0,0,0,0,0,0
2012-01-21 08:00:00,0,0,0,0,0,0
2012-01-21 09:00:00,0.0444773157135035,0.0444773157135035,0.0473081852570802,0.0807342217908516,0.0085470484296451,0.0085470484296451
2012-01-21 10:00:00,0.116065651286646,0.116065651286646,0.157820977054402,0.289020892439401,0.0190539296202279,0.0190539296202279
2012-01-21 11:00:00,0.254233860932756,0.254233860932756,0.291252924194913,0.525779577920462,0.0493768976158478,0.0493768976158478
2012-01-21 12:00:00,0.19429564232741,0.19429564232741,0.291307363993828,0.623172378179284,0.0325549997511323,0.0325549997511323
2012-01-21 13:00:00,0.494258934348713,0.494258934348713,0.523656425762779,0.934350268777064,0.0965762032750982,0.0965762032750982
2012-01-21 14:00:00,0.146225299885521,0.146225299885521,0.214765006719426,0.408516251057687,0.0264577422726593,0.0264577422726593
2012-01-21 15:00:00,0.0366924244686675,0.0366924244686675,0.048342541436464,0.0774133940570404,0.006859414663282,0.006859414663282
2012-01-21 16:00:00,0.0311395649793439,0.0311395649793439,0.0330993977402817,0.0565629510726195,0.005988377880643,0.005988377880643
2012-01-21 17:00:00,0.0011432357772136,0.0011432357772136,0.0011976755761286,0.0020687123587676,0.0002177591956597,0.0002177591956597
2012-01-21 18:00:00,0.001713557480132,0.001713557480132,0.0011344551644854,0.0024212748660262,0.0002696066231977,0.0002696066231977
2012-01-21 19:00:00,0.0022838791830504,0.0022838791830504,0.0010712347528423,0.0027738373732848,0.0003214540507358,0.0003214540507358
2012-01-21 20:00:00,0,0,0,0,0,0
2012-01-21 21:00:00,0,0,0,0,0,0
2012-01-21 22:00:00,0,0,0,0,0,0
2012-01-21 23:00:00,0,0,0,0,0,0
2012-01-22 00:00:00,0,0,0,0,0,0
2012-01-22 01:00:00,0,0,0,0,0,0
2012-01-22 02:00:00,0,0,0,0,0,0
2012-01-22 03:00:00,0,0,0,0,0,0
2012-01-22 04:00:00,0,0,0,0,0,0
2012-01-22 05:00:00,0,0,0,0,0,0
2012-01-22 06:00:00,0,0,0,0,0,0
2012-01-22 07:00:00,0,0,0,0,0,0
2012-01-22 08:00:00,0,0,0,0,0,0
2012-01-22 09:00:00,0.0402854511970534,0.0402854511970534,0.0096358444079438,0.0203604847941864,0.0084381688318152,0.0084381688318152
2012-01-22 10:00:00,0.145190943706137,0.145190943706137,0.143612189537604,0.235778769100592,0.0284175750335971,0.0284175750335971
2012-01-22 11:00:00,0.0784477502364242,0.0784477502364242,0.0834017719376835,0.142414513961475,0.0150253845005226,0.0150253845005226
2012-01-22 12:00:00,0.132506470558957,0.132506470558957,0.140890199591857,0.240569471405107,0.0254233860932755,0.0254233860932755
2012-01-22 13:00:00,0.210028744213827,0.210028744213827,0.223312055149072,0.381350791399134,0.0402854511970534,0.0402854511970534
2012-01-22 14:00:00,0.264250783933104,0.264250783933104,0.281018241998905,0.47988682743517,0.0506834527898063,0.0506834527898063
2012-01-22 15:00:00,0.193533485142601,0.193533485142601,0.0947796899109053,0.185204195908616,0.0417553257677567,0.0417553257677567
2012-01-22 16:00:00,0.0800809442038723,0.0800809442038723,0.036311345876263,0.0694651834154596,0.0171485366582051,0.0171485366582051
2012-01-22 17:00:00,0.005988377880643,0.005988377880643,0.0004355183913194,0.0007077173858941,0.0017965133641929,0.0017965133641929
2012-01-22 18:00:00,0.006022942832335,0.006022942832335,0.0004144449207717,0.0013921034293962,0.0017619484125008,0.0017619484125008
2012-01-22 19:00:00,0.0060575077840271,0.0060575077840271,0.000393371450224,0.0020764894728983,0.0017273834608088,0.0017273834608088
2012-01-22 20:00:00,0,0,0,0,0,0
2012-01-22 21:00:00,0,0,0,0,0,0
2012-01-22 22:00:00,0,0,0,0,0,0
2012-01-22 23:00:00,0,0,0,0,0,0
2012-01-23 00:00:00,0,0,0,0,0,0
2012-01-23 01:00:00,0,0,0,0,0,0
2012-01-23 02:00:00,0,0,0,0,0,0
2012-01-23 03:00:00,0,0,0,0,0,0
2012-01-23 04:00:00,0,0,0,0,0,0
2012-01-23 05:00:00,0,0,0,0,0,0
2012-01-23 06:00:00,0,0,0,0,0,0
2012-01-23 07:00:00,0,0,0,0,0,0
2012-01-23 08:00:00,0,0,0,0,0,0
2012-01-23 09:00:00,0.018074013239759,0.018074013239759,0.0152431436961823,0.0289619730227464,0.0037019063262157,0.0037019063262157
2012-01-23 10:00:00,0.108661838634214,0.108661838634214,0.0782844308396794,0.144428786521328,0.0225925165496988,0.0225925165496988
2012-01-23 11:00:00,0.243618100144343,0.243618100144343,0.15956305061968,0.291361803792743,0.0532965631377233,0.0532965631377233
2012-01-23 12:00:00,0.344712806729381,0.344712806729381,0.325876636304813,0.766621248320143,0.0689752252252252,0.0689752252252252
2012-01-23 13:00:00,0.187708426658703,0.187708426658703,0.277969613259668,0.686104785724951,0.0326638793489622,0.0326638793489622
2012-01-23 14:00:00,0.273832188542133,0.273832188542133,0.102564581155741,0.186782950077149,0.0587949828281319,0.0587949828281319
2012-01-23 15:00:00,0.0635856851326464,0.0635856851326464,0.0676142302523517,0.115521253297496,0.0121945149569458,0.0121945149569458
2012-01-23 16:00:00,0.0305951669901946,0.0305951669901946,0.0325549997511323,0.0555285948932357,0.0058794982828131,0.0058794982828131
2012-01-23 17:00:00,0.0016331939674481,0.0016331939674481,0.0017420735652779,0.0029397491414065,0.0003266387934896,0.0003266387934896
2012-01-23 18:00:00,0.0015418755950746,0.0015418755950746,0.0017350490750954,0.0001695665867842,0.0007172227476094,0.0007172227476094
2012-01-23 19:00:00,0.0014505572227012,0.0014505572227012,0.0017280245849128,0.0003230689706099,0.0011078067017293,0.0011078067017293
2012-01-23 20:00:00,0,0,0,0,0,0
2012-01-23 21:00:00,0,0,0,0,0,0
2012-01-23 22:00:00,0,0,0,0,0,0
2012-01-23 23:00:00,0,0,0,0,0,0
2012-01-24 00:00:00,0,0,0,0,0,0
2012-01-24 01:00:00,0,0,0,0,0,0
2012-01-24 02:00:00,0,0,0,0,0,0
2012-01-24 03:00:00,0,0,0,0,0,0
2012-01-24 04:00:00,0,0,0,0,0,0
2012-01-24 05:00:00,0,0,0,0,0,0
2012-01-24 06:00:00,0,0,0,0,0,0
2012-01-24 07:00:00,0,0,0,0,0,0
2012-01-24 08:00:00,0,0,0,0,0,0
2012-01-24 09:00:00,0.0488869394256134,0.0488869394256134,0.0184550918321636,0.0305951669901946,0.0105613209894977,0.0105613209894977
2012-01-24 10:00:00,0.0676142302523517,0.0676142302523517,0.0719149743666318,0.122816186352098,0.012956672141755,0.012956672141755
2012-01-24 11:00:00,0.109532875416853,0.109532875416853,0.116501169677965,0.19892302523518,0.0210137623811656,0.0210137623811656
2012-01-24 12:00:00,0.226360683888308,0.226360683888308,0.240732790801851,0.41107492160669,0.0433885197352048,0.0433885197352048
2012-01-24 13:00:00,0.188688343039172,0.188688343039172,0.200665098800458,0.342644094370614,0.0362024662784331,0.0362024662784331
2012-01-24 14:00:00,0.144809865113732,0.144809865113732,0.153955751331442,0.262944228759146,0.0277642974466178,0.0277642974466178
2012-01-24 15:00:00,0.0688119058284804,0.0688119058284804,0.0731670897416753,0.124884898710866,0.0131744313374147,0.0131744313374147
2012-01-24 16:00:00,0.0286353342292568,0.0286353342292568,0.0397954930068189,0.0761068388830819,0.0040285451197053,0.0040285451197053
2012-01-24 17:00:00,0.0014154347717883,0.0014154347717883,0.0014154347717883,0.0029397491414065,0.0003266387934896,0.0003266387934896
2012-01-24 18:00:00,0.0001079871421099,0.0001079871421099,0.0014013857914232,0.002883553219946,0.000319614303307,0.000319614303307
2012-01-24 19:00:00,0.0001793835997033,0.0001793835997033,0.001387336811058,0.0028273572984854,0.0003125898131244,0.0003125898131244
2012-01-24 20:00:00,0,0,0,0,0,0
2012-01-24 21:00:00,0,0,0,0,0,0
2012-01-24 22:00:00,0,0,0,0,0,0
2012-01-24 23:00:00,0,0,0,0,0,0
2012-01-25 00:00:00,0,0,0,0,0,0
2012-01-25 01:00:00,0,0,0,0,0,0
2012-01-25 02:00:00,0,0,0,0,0,0
2012-01-25 03:00:00,0,0,0,0,0,0
2012-01-25 04:00:00,0,0,0,0,0,0
2012-01-25 05:00:00,0,0,0,0,0,0
2012-01-25 06:00:00,0,0,0,0,0,0
2012-01-25 07:00:00,0,0,0,0,0,0
2012-01-25 08:00:00,0,0,0,0,0,0
2012-01-25 09:00:00,0.0056617390871534,0.0056617390871534,0.006042817679558,0.010343561793838,0.0010887959782987,0.0010887959782987
2012-01-25 10:00:00,0.0513367303767856,0.0513367303767856,0.0429530013438853,0.0899889876063909,0.0127389129460952,0.0127389129460952
2012-01-25 11:00:00,0.0887368722313473,0.0887368722313473,0.0869403588671544,0.15580670449455,0.0182917724354188,0.0182917724354188
2012-01-25 12:00:00,0.150144965407396,0.150144965407396,0.135119580906874,0.265176260514658,0.0323916803543875,0.0323916803543875
2012-01-25 13:00:00,0.109696194813598,0.109696194813598,0.111220509183216,0.203060449952715,0.0236268727290826,0.0236268727290826
2012-01-25 14:00:00,0.119549798417202,0.119549798417202,0.111329388781046,0.196364354686178,0.0236268727290826,0.0236268727290826
2012-01-25 15:00:00,0.0364202254740928,0.0364202254740928,0.0411564879796923,0.0689752252252252,0.0070227340600268,0.0070227340600268
2012-01-25 16:00:00,0.0224836369518689,0.0224836369518689,0.0238990717236573,0.0408298491862027,0.00430074411428,0.00430074411428
2012-01-25 17:00:00,0.0014154347717883,0.0014154347717883,0.0015243143696182,0.0026131103479169,0.0002721989945746,0.0002721989945746
2012-01-25 18:00:00,0.0001222664336286,0.0001222664336286,0.0003070047676514,0.0005176243175518,0.0004588497337116,0.0004588497337116
2012-01-25 19:00:00,0.0001401155480269,0.0001401155480269,0.0005711716607468,0.0009174444800746,0.0006455004728485,0.0006455004728485
2012-01-25 20:00:00,0,0,0,0,0,0
2012-01-25 21:00:00,0,0,0,0,0,0
2012-01-25 22:00:00,0,0,0,0,0,0
2012-01-25 23:00:00,0,0,0,0,0,0
2012-01-26 00:00:00,0,0,0,0,0,0
2012-01-26 01:00:00,0,0,0,0,0,0
2012-01-26 02:00:00,0,0,0,0,0,0
2012-01-26 03:00:00,0,0,0,0,0,0
2012-01-26 04:00:00,0,0,0,0,0,0
2012-01-26 05:00:00,0,0,0,0,0,0
2012-01-26 06:00:00,0,0,0,0,0,0
2012-01-26 07:00:00,0,0,0,0,0,0
2012-01-26 08:00:00,0,0,0,0,0,0
2012-01-26 09:00:00,0.0280364964411925,0.0280364964411925,0.0233546737345079,0.042354163555821,0.0062061370763028,0.0062061370763028
2012-01-26 10:00:00,0.0641845229207107,0.0641845229207107,0.0373457020556467,0.0620069309641132,0.0133921905330745,0.0133921905330745
2012-01-26 11:00:00,0.156514421880444,0.156514421880444,0.166476905081877,0.284230190134886,0.0299963292021302,0.0299963292021302
2012-01-26 12:00:00,0.254560499726245,0.254560499726245,0.270674680205067,0.46224833258673,0.0488324996266985,0.0488324996266985
2012-01-26 13:00:00,0.239154036633318,0.239154036633318,0.254288300731671,0.434266275944453,0.0458383106863769,0.0458383106863769
2012-01-26 14:00:00,0.18558527450102,0.18558527450102,0.197344271066647,0.33698235528346,0.0356036284903688,0.0356036284903688
2012-01-26 15:00:00,0.0712072569807376,0.0712072569807376,0.130383318401274,0.216398200686875,0.0086559280274749,0.0086559280274749
2012-01-26 16:00:00,0.0242801503160619,0.0242801503160619,0.0970661614653327,0.113888059330048,0.0039196655218754,0.0039196655218754
2012-01-26 17:00:00,0.0006532775869792,0.0006532775869792,0.0022864715544273,0.0021775919565974,0.0001088795978298,0.0001088795978298
2012-01-26 18:00:00,0.0006322041164315,0.0006322041164315,0.0002150818284999,0.0022056899173277,0.0001780095012139,0.0001780095012139
2012-01-26 19:00:00,0.0006111306458838,0.0006111306458838,0.00042927120128,0.002233787878058,0.0002471394045979,0.0002471394045979
2012-01-26 20:00:00,0,0,0,0,0,0
2012-01-26 21:00:00,0,0,0,0,0,0
2012-01-26 22:00:00,0,0,0,0,0,0
2012-01-26 23:00:00,0,0,0,0,0,0
2012-01-27 00:00:00,0,0,0,0,0,0
2012-01-27 01:00:00,0,0,0,0,0,0
2012-01-27 02:00:00,0,0,0,0,0,0
2012-01-27 03:00:00,0,0,0,0,0,0
2012-01-27 04:00:00,0,0,0,0,0,0
2012-01-27 05:00:00,0,0,0,0,0,0
2012-01-27 06:00:00,0,0,0,0,0,0
2012-01-27 07:00:00,0,0,0,0,0,0
2012-01-27 08:00:00,0,0,0,0,0,0
2012-01-27 09:00:00,0.0182917724354188,0.0182917724354188,0.0473626250559952,0.0573251082574286,0.0030486287392364,0.0030486287392364
2012-01-27 10:00:00,0.078611069633169,0.078611069633169,0.184224279528147,0.171158727788562,0.0158419814842466,0.0158419814842466
2012-01-27 11:00:00,0.137514932059131,0.137514932059131,0.292831678363446,0.341555298392315,0.0247701085062963,0.0247701085062963
2012-01-27 12:00:00,0.197997548653626,0.197997548653626,0.348904671245831,0.434538474939027,0.0357125080881986,0.0357125080881986
2012-01-27 13:00:00,0.165714747897068,0.165714747897068,0.258480165248121,0.26817044945498,0.0369646234632422,0.0369646234632422
2012-01-27 14:00:00,0.344222848539147,0.344222848539147,0.196745433278582,0.336710156288885,0.0718605345677168,0.0718605345677168
2012-01-27 15:00:00,0.202026093773331,0.202026093773331,0.214873886317256,0.366869804887761,0.0387611368274351,0.0387611368274351
2012-01-27 16:00:00,0.0808431013886814,0.0808431013886814,0.0860148822856004,0.1468785774725,0.015515342690757,0.015515342690757
2012-01-27 17:00:00,0.006859414663282,0.006859414663282,0.0072949330546015,0.0124667139515205,0.0013065551739584,0.0013065551739584
2012-01-27 18:00:00,0.0007755440206078,0.0007755440206078,0.001483261406502,0.0018295342258298,0.000255515830391,0.000255515830391
2012-01-27 19:00:00,0.0007933931350062,0.0007933931350062,0.0023721473035393,0.0024542532297717,0.000378444408586,0.000378444408586
2012-01-27 20:00:00,0,0,0,0,0,0
2012-01-27 21:00:00,0,0,0,0,0,0
2012-01-27 22:00:00,0,0,0,0,0,0
2012-01-27 23:00:00,0,0,0,0,0,0
2012-01-28 00:00:00,0,0,0,0,0,0
2012-01-28 01:00:00,0,0,0,0,0,0
2012-01-28 02:00:00,0,0,0,0,0,0
2012-01-28 03:00:00,0,0,0,0,0,0
2012-01-28 04:00:00,0,0,0,0,0,0
2012-01-28 05:00:00,0,0,0,0,0,0
2012-01-28 06:00:00,0,0,0,0,0,0
2012-01-28 07:00:00,0,0,0,0,0,0
2012-01-28 08:00:00,0,0,0,0,0,0
2012-01-28 09:00:00,0.0273287790552983,0.0273287790552983,0.0415375665720969,0.0419730849634164,0.0053895400925787,0.0053895400925787
2012-01-28 10:00:00,0.0746369643123786,0.0746369643123786,0.0793732268179781,0.135500659499278,0.0143176671146284,0.0143176671146284
2012-01-28 11:00:00,0.128695684634911,0.128695684634911,0.136861654472152,0.233710056741825,0.0246612289084664,0.0246612289084664
2012-01-28 12:00:00,0.171430926783137,0.171430926783137,0.182318886566124,0.31128677019561,0.0328816385446219,0.0328816385446219
2012-01-28 13:00:00,0.234798852720123,0.234798852720123,0.194458961724155,0.392510950176696,0.0446406351102483,0.0446406351102483
2012-01-28 14:00:00,0.147477415260564,0.147477415260564,0.17687490667463,0.333389328555074,0.024171270718232,0.024171270718232
2012-01-28 15:00:00,0.0816052585734906,0.0816052585734906,0.0983182768403762,0.164843711114429,0.0164952590712259,0.0164952590712259
2012-01-28 16:00:00,0.021558160370315,0.021558160370315,0.0192172490169727,0.0315750833706634,0.0039741053207904,0.0039741053207904
2012-01-28 17:00:00,0.0001088795978298,0.0001088795978298,0.0007077173858941,0.0005443979891493,0.0004840038372281,0.0004840038372281
2012-01-28 18:00:00,0.0001053673527385,0.0001053673527385,0.0006761071800726,0.0005127877833277,0.0004601864252028,0.0004601864252028
2012-01-28 19:00:00,0.0001018551076473,0.0001018551076473,0.000644496974251,0.0004811775775062,0,0
2012-01-28 20:00:00,0,0,0,0,0,0
2012-01-28 21:00:00,0,0,0,0,0,0
2012-01-28 22:00:00,0,0,0,0,0,0
2012-01-28 23:00:00,0,0,0,0,0,0
2012-01-29 00:00:00,0,0,0,0,0,0
2012-01-29 01:00:00,0,0,0,0,0,0
2012-01-29 02:00:00,0,0,0,0,0,0
2012-01-29 03:00:00,0,0,0,0,0,0
2012-01-29 04:00:00,0,0,0,0,0,0
2012-01-29 05:00:00,0,0,0,0,0,0
2012-01-29 06:00:00,0,0,0,0,0,0
2012-01-29 07:00:00,0,0,0,0,0,0
2012-01-29 08:00:00,0,0,0,0,0,0
2012-01-29 09:00:00,0.0040285451197053,0.0040285451197053,0.0065872156687073,0.0097447240057737,0.0005988377880643,0.0005988377880643
2012-01-29 10:00:00,0.0249334279030411,0.0249334279030411,0.0311395649793439,0.037127942859987,0.0046818227066845,0.0046818227066845
2012-01-29 11:00:00,0.042354163555821,0.042354163555821,0.0544942387138519,0.0702817803991836,0.0082748494350704,0.0082748494350704
2012-01-29 12:00:00,0.287442138270867,0.287442138270867,0.0584683440346423,0.0556374744910656,0.0713161365785675,0.0713161365785675
2012-01-29 13:00:00,0.328870825245135,0.328870825245135,0.161141804788214,0.281943718580459,0.0691929844208849,0.0691929844208849
2012-01-29 14:00:00,0.0684852670349907,0.0684852670349907,0.0411564879796923,0.0688663456273953,0.0148076253048628,0.0148076253048628
2012-01-29 15:00:00,0.0619524911651983,0.0619524911651983,0.0179651336419292,0.0151342640983524,0.0167130182668856,0.0167130182668856
2012-01-29 16:00:00,0.0160597406799064,0.0160597406799064,0.0983727166392912,0.181121210989996,0.0014698745707033,0.0014698745707033
2012-01-29 17:00:00,0.0022864715544273,0.0022864715544273,0.0023953511522572,0.0041374247175352,0.0004355183913194,0.0004355183913194
2012-01-29 18:00:00,0.0011521603344128,0.0011521603344128,0.0014252517847074,0.0022061505396348,0.0002186516513796,0.0002186516513796
2012-01-29 19:00:00,0.0019625101280974,0.0019625101280974,0.0025997235121182,0.0038411294185227,0.000365014389446,0.000365014389446
2012-01-29 20:00:00,0,0,0,0,0,0
2012-01-29 21:00:00,0,0,0,0,0,0
2012-01-29 22:00:00,0,0,0,0,0,0
2012-01-29 23:00:00,0,0,0,0,0,0
2012-01-30 00:00:00,0,0,0,0,0,0
2012-01-30 01:00:00,0,0,0,0,0,0
2012-01-30 02:00:00,0,0,0,0,0,0
2012-01-30 03:00:00,0,0,0,0,0,0
2012-01-30 04:00:00,0,0,0,0,0,0
2012-01-30 05:00:00,0,0,0,0,0,0
2012-01-30 06:00:00,0,0,0,0,0,0
2012-01-30 07:00:00,0,0,0,0,0,0
2012-01-30 08:00:00,0,0,0,0,0,0
2012-01-30 09:00:00,0.0715883355731422,0.0715883355731422,0.0628779677467522,0.10838963963964,0.0144809865113732,0.0144809865113732
2012-01-30 10:00:00,0.0853071648997063,0.0853071648997063,0.122707306754268,0.1683822980439,0.0158964212831616,0.0158964212831616
2012-01-30 11:00:00,0.0416464461699268,0.0416464461699268,0.0528066049474889,0.0883557936389428,0.007730451445921,0.007730451445921
2012-01-30 12:00:00,0.525235179931312,0.525235179931312,0.558552336867254,0.953839716788611,0.100713627992634,0.100713627992634
2012-01-30 13:00:00,0.535143223333831,0.535143223333831,0.569113657856752,0.971750410631626,0.102619020954656,0.102619020954656
2012-01-30 14:00:00,0.458818625255089,0.458818625255089,0.487943917674581,0.833255562192026,0.0879747150465382,0.0879747150465382
2012-01-30 15:00:00,0.287768777064357,0.287768777064357,0.237030884475636,0.460342939624707,0.0547119979095117,0.0547119979095117
2012-01-30 16:00:00,0.110621671395152,0.110621671395152,0.109042917226619,0.216398200686875,0.020687123587676,0.020687123587676
2012-01-30 17:00:00,0.0169307774625454,0.0169307774625454,0.0097447240057737,0.0195983276093773,0.0034841471305559,0.0034841471305559
2012-01-30 18:00:00,0.0020823223084963,0.0020823223084963,0.0010479661291125,0.0015243143696182,0.0004681822706684,0.0004681822706684
2012-01-30 19:00:00,0.0019552961110281,0.0019552961110281,0.0009935263301976,0.0014517279710649,0.0004391477112471,0.0004391477112471
2012-01-30 20:00:00,0,0,0,0,0,0
2012-01-30 21:00:00,0,0,0,0,0,0
2012-01-30 22:00:00,0,0,0,0,0,0
2012-01-30 23:00:00,0,0,0,0,0,0
2012-01-31 00:00:00,0,0,0,0,0,0
2012-01-31 01:00:00,0,0,0,0,0,0
2012-01-31 02:00:00,0,0,0,0,0,0
2012-01-31 03:00:00,0,0,0,0,0,0
2012-01-31 04:00:00,0,0,0,0,0,0
2012-01-31 05:00:00,0,0,0,0,0,0
2012-01-31 06:00:00,0,0,0,0,0,0
2012-01-31 07:00:00,0,0,0,0,0,0
2012-01-31 08:00:00,0,0,0,0,0,0
2012-01-31 09:00:00,0.0053351002936638,0.0053351002936638,0.0056617390871534,0.0096902842068587,0.0010343561793838,0.0010343561793838
2012-01-31 10:00:00,0.280473844009755,0.280473844009755,0.160325207804489,0.255812615101289,0.0589038624259618,0.0589038624259618
2012-01-31 11:00:00,0.436498307699965,0.436498307699965,0.266537255487532,0.453048006570106,0.0905878253944552,0.0905878253944552
2012-01-31 12:00:00,0.143176671146284,0.143176671146284,0.0536232019312129,0.0884102334378577,0.0378901000447961,0.0378901000447961
2012-01-31 13:00:00,0.085579363894281,0.085579363894281,0.0461105096809516,0.0679408690458413,0.0116501169677965,0.0116501169677965
2012-01-31 14:00:00,0.0464915882733562,0.0464915882733562,0.0494313374147628,0.0844361281170673,0.0089281270220496,0.0089281270220496
2012-01-31 15:00:00,0.0412653675775222,0.0412653675775222,0.0438784779254392,0.0749091633069533,0.0078937708426658,0.0078937708426658
2012-01-31 16:00:00,0.0099080434025185,0.0099080434025185,0.0100713627992633,0.0190539296202279,0.0017420735652779,0.0017420735652779
2012-01-31 17:00:00,0.0058794982828131,0.0058794982828131,0.0002721989945746,0.0007077173858941,0.0019053929620227,0.0019053929620227
2012-01-31 18:00:00,0.0022211437957294,0.0022211437957294,0.0001551534269075,0.0002939749141406,0.0006287796774675,0.0006287796774675
2012-01-31 19:00:00,0.0021340401174655,0.0021340401174655,0.0002168518656778,0.0003955958721152,0.0005961157981185,0.0005961157981185
2012-01-31 20:00:00,0,0,0,0,0,0
2012-01-31 21:00:00,0,0,0,0,0,0
2012-01-31 22:00:00,0,0,0,0,0,0
2012-01-31 23:00:00,0,0,0,0,0,0
2012-02-01 00:00:00,0,0,0,0,0,0
2012-02-01 01:00:00,0,0,0,0,0,0
2012-02-01 02:00:00,0,0,0,0,0,0
2012-02-01 03:00:00,0,0,0,0,0,0
2012-02-01 04:00:00,0,0,0,0,0,0
2012-02-01 05:00:00,0,0,0,0,0,0
2012-02-01 06:00:00,0,0,0,0,0,0
2012-02-01 07:00:00,0,0,0,0,0,0
2012-02-01 08:00:00,0,0,0,0,0,0
2012-02-01 09:00:00,0.0390333358220098,0.0390333358220098,0.0415375665720969,0.070880618187248,0.0075126922502613,0.0075126922502613
2012-02-01 10:00:00,0.0857971230899407,0.0857971230899407,0.0912411029814344,0.155861144293465,0.0164408192723109,0.0164408192723109
2012-02-01 11:00:00,0.0605370563934099,0.0605370563934099,0.13860372803743,0.166476905081877,0.0118678761634562,0.0118678761634562
2012-02-01 12:00:00,0.133758585934,0.133758585934,0.196527674082923,0.20698011547459,0.0270565800607237,0.0270565800607237
2012-02-01 13:00:00,0.244216937932407,0.244216937932407,0.110403912199492,0.126245893683739,0.0633679259369867,0.0633679259369867
2012-02-01 14:00:00,0.271436837389876,0.271436837389876,0.0947796899109053,0.206490157284356,0.0629868473445821,0.0629868473445821
2012-02-01 15:00:00,0.179433577223632,0.179433577223632,0.0537320815290428,0.191083694191429,0.0277098576477029,0.0277098576477029
2012-02-01 16:00:00,0.0020687123587676,0.0020687123587676,0.0133377507341595,0.0232457941366781,0.0104887345909445,0.0104887345909445
2012-02-01 17:00:00,0.0161141804788213,0.0161141804788213,0.0171485366582051,0.0292886118162361,0.0031030685381514,0.0031030685381514
2012-02-01 18:00:00,0.0001799281489561,0.0001799281489561,0.0003367885865076,0.0005416298637808,0.0004609236308131,0.0004609236308131
2012-02-01 19:00:00,0.0002131456533788,0.0002131456533788,0.0006837269660333,0.001080491602193,0.0012738912946095,0.0012738912946095
2012-02-01 20:00:00,0,0,0,0,0,0
2012-02-01 21:00:00,0,0,0,0,0,0
2012-02-01 22:00:00,0,0,0,0,0,0
2012-02-01 23:00:00,0,0,0,0,0,0
2012-02-02 00:00:00,0,0,0,0,0,0
2012-02-02 01:00:00,0,0,0,0,0,0
2012-02-02 02:00:00,0,0,0,0,0,0
2012-02-02 03:00:00,0,0,0,0,0,0
2012-02-02 04:00:00,0,0,0,0,0,0
2012-02-02 05:00:00,0,0,0,0,0,0
2012-02-02 06:00:00,0,0,0,0,0,0
2012-02-02 07:00:00,0,0,0,0,0,0
2012-02-02 08:00:00,0,0,0,0,0,0
2012-02-02 09:00:00,0.0228102757453586,0.0228102757453586,0.0102346821960081,0.0035930267283858,0.0054984196904086,0.0054984196904086
2012-02-02 10:00:00,0.0446950749091632,0.0446950749091632,0.0675053506545219,0.27644529889005,0.005988377880643,0.005988377880643
2012-02-02 11:00:00,0.0567807102682793,0.0567807102682793,0.0603737369966651,0.103108979144891,0.0108879597829874,0.0108879597829874
2012-02-02 12:00:00,0.0953785276989696,0.0953785276989696,0.101421345378528,0.173173000348415,0.0182917724354188,0.0182917724354188
2012-02-02 13:00:00,0.218303593648897,0.218303593648897,0.232131302573291,0.396430615698571,0.0418642053655865,0.0418642053655865
2012-02-02 14:00:00,0.192989087153452,0.192989087153452,0.205238041909312,0.350483425414364,0.0370190632621571,0.0370190632621571
2012-02-02 15:00:00,0.24612233089443,0.24612233089443,0.0819318973669802,0.204965842914738,0.0526432855507441,0.0526432855507441
2012-02-02 16:00:00,0.118025484047583,0.118025484047583,0.0375634612513065,0.100060350405654,0.0256955850878502,0.0256955850878502
2012-02-02 17:00:00,0.0139910283211388,0.0139910283211388,0.0044640635110248,0.0130655517395848,0.0036474665273007,0.0036474665273007
2012-02-02 18:00:00,0.0006828042575771,0.0006828042575771,0.0015297583495097,0.0048995819023443,0.0001670102305695,0.0001670102305695
2012-02-02 19:00:00,0.000741857598773,0.000741857598773,0.001537016989365,0.0047544091052378,0.000174391898219,0.000174391898219
2012-02-02 20:00:00,0,0,0,0,0,0
2012-02-02 21:00:00,0,0,0,0,0,0
2012-02-02 22:00:00,0,0,0,0,0,0
2012-02-02 23:00:00,0,0,0,0,0,0
2012-02-03 00:00:00,0,0,0,0,0,0
2012-02-03 01:00:00,0,0,0,0,0,0
2012-02-03 02:00:00,0,0,0,0,0,0
2012-02-03 03:00:00,0,0,0,0,0,0
2012-02-03 04:00:00,0,0,0,0,0,0
2012-02-03 05:00:00,0,0,0,0,0,0
2012-02-03 06:00:00,0,0,0,0,0,0
2012-02-03 07:00:00,0,0,0,0,0,0
2012-02-03 08:00:00,0,0,0,0,0,0
2012-02-03 09:00:00,0.0220481185605494,0.0220481185605494,0.0300507690010452,0.0488324996266985,0.0020687123587676,0.0020687123587676
2012-02-03 10:00:00,0.0479070230451445,0.0479070230451445,0.0849260863073017,0.146551938679011,0.007730451445921,0.007730451445921
2012-02-03 11:00:00,0.0668520730675426,0.0668520730675426,0.14236007416256,0.197398710865562,0.0121400751580309,0.0121400751580309
2012-02-03 12:00:00,0.0909144641879448,0.0909144641879448,0.19914078443084,0.234798852720123,0.0145898661092031,0.0145898661092031
2012-02-03 13:00:00,0.100604748394804,0.100604748394804,0.122380667960778,0.175241712707182,0.0203060449952715,0.0203060449952715
2012-02-03 14:00:00,0.0828573739485341,0.0828573739485341,0.17333631974516,0.28956529042855,0.006913854462197,0.006913854462197
2012-02-03 15:00:00,0.10376225673187,0.10376225673187,0.110295032601662,0.188361704245682,0.019870526603952,0.019870526603952
2012-02-03 16:00:00,0.0494313374147628,0.0494313374147628,0.0525888457518291,0.0897712284107311,0.009472525011199,0.009472525011199
2012-02-03 17:00:00,0.0070227340600268,0.0070227340600268,0.0075126922502613,0.0127933527450102,0.0013609949728734,0.0013609949728734
2012-02-03 18:00:00,0.0006079110878834,0.0006079110878834,0.0002399041986081,0.0021939238962719,0.0001088795978298,0.0001088795978298
2012-02-03 19:00:00,0.0013882148723308,0.0013882148723308,0.000284194204505,0.0058196145040067,0.0002177591956597,0.0002177591956597
2012-02-03 20:00:00,0,0,0,0,0,0
2012-02-03 21:00:00,0,0,0,0,0,0
2012-02-03 22:00:00,0,0,0,0,0,0
2012-02-03 23:00:00,0,0,0,0,0,0
2012-02-04 00:00:00,0,0,0,0,0,0
2012-02-04 01:00:00,0,0,0,0,0,0
2012-02-04 02:00:00,0,0,0,0,0,0
2012-02-04 03:00:00,0,0,0,0,0,0
2012-02-04 04:00:00,0,0,0,0,0,0
2012-02-04 05:00:00,0,0,0,0,0,0
2012-02-04 06:00:00,0,0,0,0,0,0
2012-02-04 07:00:00,0,0,0,0,0,0
2012-02-04 08:00:00,0,0,0,0,0,0
2012-02-04 09:00:00,0.0347870315066447,0.0347870315066447,0.0837828505300881,0.152812515554228,0.0047907023045144,0.0047907023045144
2012-02-04 10:00:00,0.101203586182868,0.101203586182868,0.10762748245483,0.183788761136827,0.0193805684137175,0.0193805684137175
2012-02-04 11:00:00,0.330449579413668,0.330449579413668,0.351408901995918,0.600089903439351,0.0633679259369867,0.0633679259369867
2012-02-04 12:00:00,0.31504311632074,0.31504311632074,0.335022522522522,0.572053406998158,0.0604281767955801,0.0604281767955801
2012-02-04 13:00:00,0.245795692100941,0.245795692100941,0.261419914389527,0.446406351102484,0.0471448658603354,0.0471448658603354
2012-02-04 14:00:00,0.391639913394057,0.391639913394057,0.148348452043203,0.247701085062963,0.0849805261062167,0.0849805261062167
2012-02-04 15:00:00,0.153193594146633,0.153193594146633,0.068267507839331,0.114759096112687,0.0365291050719227,0.0365291050719227
2012-02-04 16:00:00,0.0884646732367726,0.0884646732367726,0.0618436115673684,0.112744823552834,0.0180195734408441,0.0180195734408441
2012-02-04 17:00:00,0.0166041386690557,0.0166041386690557,0.0116501169677965,0.0301052087999601,0.0033208277338111,0.0033208277338111
2012-02-04 18:00:00,0.0011663034886183,0.0011663034886183,0.0002565129508195,0.000577615493572,0.0003393414132364,0.0003393414132364
2012-02-04 19:00:00,0.0011035593135977,0.0011035593135977,0.0005517796567988,0.0008618096980771,0.0004736262505599,0.0004736262505599
2012-02-04 20:00:00,0,0,0,0,0,0
2012-02-04 21:00:00,0,0,0,0,0,0
2012-02-04 22:00:00,0,0,0,0,0,0
2012-02-04 23:00:00,0,0,0,0,0,0
2012-02-05 00:00:00,0,0,0,0,0,0
2012-02-05 01:00:00,0,0,0,0,0,0
2012-02-05 02:00:00,0,0,0,0,0,0
2012-02-05 03:00:00,0,0,0,0,0,0
2012-02-05 04:00:00,0,0,0,0,0,0
2012-02-05 05:00:00,0,0,0,0,0,0
2012-02-05 06:00:00,0,0,0,0,0,0
2012-02-05 07:00:00,0,0,0,0,0,0
2012-02-05 08:00:00,0,0,0,0,0,0
2012-02-05 09:00:00,0.0642389627196257,0.0642389627196257,0.0244979095117216,0.0419730849634164,0.013827708924394,0.013827708924394
2012-02-05 10:00:00,0.320759295206809,0.320759295206809,0.139583644417899,0.325495557712408,0.0684308272360758,0.0684308272360758
2012-02-05 11:00:00,0.478362513065552,0.478362513065552,0.556374744910656,0.986503596137574,0.0870492384649843,0.0870492384649843
2012-02-05 12:00:00,0.577497386889652,0.577497386889652,0.659320404658802,1.05972512567816,0.128641244835996,0.128641244835996
2012-02-05 13:00:00,0.304645114727988,0.304645114727988,0.177364864864865,0.275465382509581,0.0642934025185406,0.0642934025185406
2012-02-05 14:00:00,0.575809753123289,0.575809753123289,0.612338858195212,1.04567965755811,0.110403912199492,0.110403912199492
2012-02-05 15:00:00,0.424303792743019,0.424303792743019,0.451197053406998,0.770540913842019,0.0813874993778308,0.0813874993778308
2012-02-05 16:00:00,0.19870526603952,0.19870526603952,0.211280859588871,0.360826987208203,0.0381078592404559,0.0381078592404559
2012-02-05 17:00:00,0.0361480264795181,0.0361480264795181,0.0384889378328604,0.0657088372903289,0.006913854462197,0.006913854462197
2012-02-05 18:00:00,0.0012770285033605,0.0012770285033605,0.0007852248962137,0.0014172801887007,0.0003393414132364,0.0003393414132364
2012-02-05 19:00:00,0.0012179751621646,0.0012179751621646,0.0009402399168528,0.0016387302181852,0.0004736262505599,0.0004736262505599
2012-02-05 20:00:00,0,0,0,0,0,0
2012-02-05 21:00:00,0,0,0,0,0,0
2012-02-05 22:00:00,0,0,0,0,0,0
2012-02-05 23:00:00,0,0,0,0,0,0
2012-02-06 00:00:00,0,0,0,0,0,0
2012-02-06 01:00:00,0,0,0,0,0,0
2012-02-06 02:00:00,0,0,0,0,0,0
2012-02-06 03:00:00,0,0,0,0,0,0
2012-02-06 04:00:00,0,0,0,0,0,0
2012-02-06 05:00:00,0,0,0,0,0,0
2012-02-06 06:00:00,0,0,0,0,0,0
2012-02-06 07:00:00,0,0,0,0,0,0
2012-02-06 08:00:00,0,0,0,0,0,0
2012-02-06 09:00:00,0.0575973072520033,0.0575973072520033,0.0612447737793041,0.104633293514509,0.0110512791797322,0.0110512791797322
2012-02-06 10:00:00,0.14268671295605,0.14268671295605,0.15172371957593,0.2591334428351,0.0273832188542133,0.0273832188542133
2012-02-06 11:00:00,0.236758685481061,0.236758685481061,0.251784069981584,0.429911092031258,0.0454027922950574,0.0454027922950574
2012-02-06 12:00:00,0.344277288338062,0.344277288338062,0.119168719824797,0.262563150166741,0.0718605345677168,0.0718605345677168
2012-02-06 13:00:00,0.24203934597581,0.24203934597581,0.15128820118461,0.305189512717137,0.0493224578169329,0.0493224578169329
2012-02-06 14:00:00,0.284012430939226,0.284012430939226,0.127879087651187,0.325332238315664,0.0602104175999203,0.0602104175999203
2012-02-06 15:00:00,0.236922004877806,0.236922004877806,0.0973383604599073,0.255540416106714,0.055310835697576,0.055310835697576
2012-02-06 16:00:00,0.171920884973371,0.171920884973371,0.0945619307152456,0.193424605544771,0.0295063710118958,0.0295063710118958
2012-02-06 17:00:00,0.0017965133641929,0.0017965133641929,0.0075126922502613,0.0139365885222238,0.0008438168831815,0.0008438168831815
2012-02-06 18:00:00,0.0011312405672832,0.0011312405672832,0.0003570881725437,0.0013932897688399,0.0003720052925854,0.0003720052925854
2012-02-06 19:00:00,0.0012161297452523,0.0012161297452523,0.0007446257241415,0.0020022773499222,0.0005716178886068,0.0005716178886068
2012-02-06 20:00:00,0,0,0,0,0,0
2012-02-06 21:00:00,0,0,0,0,0,0
2012-02-06 22:00:00,0,0,0,0,0,0
2012-02-06 23:00:00,0,0,0,0,0,0
2012-02-07 00:00:00,0,0,0,0,0,0
2012-02-07 01:00:00,0,0,0,0,0,0
2012-02-07 02:00:00,0,0,0,0,0,0
2012-02-07 03:00:00,0,0,0,0,0,0
2012-02-07 04:00:00,0,0,0,0,0,0
2012-02-07 05:00:00,0,0,0,0,0,0
2012-02-07 06:00:00,0,0,0,0,0,0
2012-02-07 07:00:00,0,0,0,0,0,0
2012-02-07 08:00:00,0,0,0,0,0,0
2012-02-07 09:00:00,0.0884102334378577,0.0884102334378577,0.0315750833706634,0.0689207854263102,0.0187272908267383,0.0187272908267383
2012-02-07 10:00:00,0.251675190383754,0.251675190383754,0.129730040814295,0.378519921855557,0.0493768976158478,0.0493768976158478
2012-02-07 11:00:00,0.432633081977005,0.432633081977005,0.2984934174506,0.880727066845851,0.0892812702204967,0.0892812702204967
2012-02-07 12:00:00,0.204693643920163,0.204693643920163,0.139474764820069,0.238555198845254,0.0419730849634164,0.0419730849634164
2012-02-07 13:00:00,0.61397205216266,0.61397205216266,0.65289650838684,1.114872641979,0.117753285053009,0.117753285053009
2012-02-07 14:00:00,0.516470372306008,0.516470372306008,0.5492431312528,0.937888855706535,0.0990259942262704,0.0990259942262704
2012-02-07 15:00:00,0.365835448708377,0.365835448708377,0.38902680304614,0.664328866158976,0.0701729008013538,0.0701729008013538
2012-02-07 16:00:00,0.169852172614604,0.169852172614604,0.180631252799761,0.308510340450948,0.0325549997511323,0.0325549997511323
2012-02-07 17:00:00,0.0210682021800806,0.0210682021800806,0.0192172490169727,0.0533510029366382,0.0029397491414065,0.0029397491414065
2012-02-07 18:00:00,0.0019260425409215,0.0019260425409215,0.0011394813083229,0.0025830745967914,0.0003735696546231,0.0003735696546231
2012-02-07 19:00:00,0.0018584621008892,0.0018584621008892,0.0011319723705416,0.0025230030945405,0.0003585517790604,0.0003585517790604
2012-02-07 20:00:00,0,0,0,0,0,0
2012-02-07 21:00:00,0,0,0,0,0,0
2012-02-07 22:00:00,0,0,0,0,0,0
2012-02-07 23:00:00,0,0,0,0,0,0
2012-02-08 00:00:00,0,0,0,0,0,0
2012-02-08 01:00:00,0,0,0,0,0,0
2012-02-08 02:00:00,0,0,0,0,0,0
2012-02-08 03:00:00,0,0,0,0,0,0
2012-02-08 04:00:00,0,0,0,0,0,0
2012-02-08 05:00:00,0,0,0,0,0,0
2012-02-08 06:00:00,0,0,0,0,0,0
2012-02-08 07:00:00,0,0,0,0,0,0
2012-02-08 08:00:00,0.0009799163804688,0.0009799163804688,0.0010343561793838,0.0017420735652779,0.0001633193967448,0.0001633193967448
2012-02-08 09:00:00,0.0642389627196257,0.0642389627196257,0.0683219476382459,0.11666448907471,0.0123033945547757,0.0123033945547757
2012-02-08 10:00:00,0.165279229505749,0.165279229505749,0.175731670897417,0.300072171619133,0.0316839629684933,0.0316839629684933
2012-02-08 11:00:00,0.225979605295903,0.225979605295903,0.352497697974217,0.663566708974168,0.0426263625503956,0.0426263625503956
2012-02-08 12:00:00,0.34106534020208,0.34106534020208,0.374491376735852,0.778108045891195,0.0714794559753123,0.0714794559753123
2012-02-08 13:00:00,0.443248842765417,0.443248842765417,0.391857672589717,0.631011709223035,0.0985904758349509,0.0985904758349509
2012-02-08 14:00:00,0.472101936190334,0.472101936190334,0.303882957543178,0.477273717087253,0.100278109601314,0.100278109601314
2012-02-08 15:00:00,0.411891518590414,0.411891518590414,0.227231720670947,0.503894778756657,0.0730582101438455,0.0730582101438455
2012-02-08 16:00:00,0.144918744711562,0.144918744711562,0.129076763227316,0.257718008063312,0.0272743392563834,0.0272743392563834
2012-02-08 17:00:00,0.0176929346473545,0.0176929346473545,0.022429197152954,0.0468182270668458,0.0045185033099397,0.0045185033099397
2012-02-08 18:00:00,0.0024820857471386,0.0024820857471386,0.0026260282663035,0.0047648664677412,0.0004945717325153,0.0004945717325153
2012-02-08 19:00:00,0.0033088325238807,0.0033088325238807,0.0043939376683547,0.0079795827290911,0.000612678414907,0.000612678414907
2012-02-08 20:00:00,0,0,0,0,0,0
2012-02-08 21:00:00,0,0,0,0,0,0
2012-02-08 22:00:00,0,0,0,0,0,0
2012-02-08 23:00:00,0,0,0,0,0,0
2012-02-09 00:00:00,0,0,0,0,0,0
2012-02-09 01:00:00,0,0,0,0,0,0
2012-02-09 02:00:00,0,0,0,0,0,0
2012-02-09 03:00:00,0,0,0,0,0,0
2012-02-09 04:00:00,0,0,0,0,0,0
2012-02-09 05:00:00,0,0,0,0,0,0
2012-02-09 06:00:00,0,0,0,0,0,0
2012-02-09 07:00:00,0,0,0,0,0,0
2012-02-09 08:00:00,0,0,0,0,0,0
2012-02-09 09:00:00,0.0710983773829077,0.0710983773829077,0.12515709770544,0.187381787865213,0.0124667139515205,0.0124667139515205
2012-02-09 10:00:00,0.1898860186153,0.1898860186153,0.265720658503808,0.430346610422577,0.033698235528346,0.033698235528346
2012-02-09 11:00:00,0.33257273157135,0.33257273157135,0.283032514558758,0.645492695734408,0.0551475163008311,0.0551475163008311
2012-02-09 12:00:00,0.322719127967747,0.322719127967747,0.672658155392962,0.72677131551441,0.0608092553879846,0.0608092553879846
2012-02-09 13:00:00,0.257228049873077,0.257228049873077,0.273505549748644,0.46709347469016,0.0493224578169329,0.0493224578169329
2012-02-09 14:00:00,0.178018142451844,0.178018142451844,0.189341620626151,0.323263525956896,0.0341337539196655,0.0341337539196655
2012-02-09 15:00:00,0.0915677417749241,0.0915677417749241,0.0973928002588223,0.166259145886218,0.0175296152506097,0.0175296152506097
2012-02-09 16:00:00,0.0448039545069931,0.0448039545069931,0.0476348240505699,0.0813330595789159,0.00860148822856,0.00860148822856
2012-02-09 17:00:00,0.0072949330546015,0.0072949330546015,0.01290223234284,0.0277642974466178,0.0007621571848091,0.0007621571848091
2012-02-09 18:00:00,0.0002966030423641,0.0002966030423641,0.0006664182280966,0.0014266981784604,0.0002149910702911,0.0002149910702911
2012-02-09 19:00:00,0.000345411137943,0.000345411137943,0.0006926995103314,0.0014492249918045,0.0002113002364664,0.0002113002364664
2012-02-09 20:00:00,0,0,0,0,0,0
2012-02-09 21:00:00,0,0,0,0,0,0
2012-02-09 22:00:00,0,0,0,0,0,0
2012-02-09 23:00:00,0,0,0,0,0,0
2012-02-10 00:00:00,0,0,0,0,0,0
2012-02-10 01:00:00,0,0,0,0,0,0
2012-02-10 02:00:00,0,0,0,0,0,0
2012-02-10 03:00:00,0,0,0,0,0,0
2012-02-10 04:00:00,0,0,0,0,0,0
2012-02-10 05:00:00,0,0,0,0,0,0
2012-02-10 06:00:00,0,0,0,0,0,0
2012-02-10 07:00:00,0,0,0,0,0,0